{
  "root_group": {
    "id": "d41d8cd98f00b204e9800998ecf8427e",
    "groups": {},
    "checks": {
      "healthz:200": {
        "fails": 0,
        "name": "healthz:200",
        "path": "::healthz:200",
        "id": "75ede975c1b81ca6ba758cba8b34e57b",
        "passes": 210827
      },
      "readyz:200": {
        "path": "::readyz:200",
        "id": "03569030d1748b8101484cb6b8c2613f",
        "passes": 210827,
        "fails": 0,
        "name": "readyz:200"
      }
    },
    "name": "",
    "path": ""
  },
  "metrics": {
    "vus": {
      "value": 35,
      "min": 35,
      "max": 35
    },
    "http_reqs": {
      "count": 421654,
      "rate": 2339.4932672918744
    },
    "checks": {
      "fails": 0,
      "passes": 421654,
      "thresholds": {
        "rate>0.99": false
      },
      "value": 1
    },
    "data_received": {
      "count": 196736047,
      "rate": 1091564.783898926
    },
    "iteration_duration": {
      "p(90)": 32.0621834,
      "p(95)": 38.56135009999999,
      "avg": 29.879432425173203,
      "min": 12.065667,
      "med": 22.58,
      "max": 887.632542
    },
    "http_req_receiving": {
      "p(95)": 1.272,
      "avg": 3.0106329952988924,
      "min": 0.002,
      "med": 0.02,
      "max": 865.023,
      "p(90)": 0.095
    },
    "http_req_tls_handshaking": {
      "avg": 0.00542421511476234,
      "min": 0,
      "med": 0,
      "max": 113.859,
      "p(90)": 0,
      "p(95)": 0
    },
    "iterations": {
      "rate": 1169.7466336459372,
      "count": 210827
    },
    "http_req_duration": {
      "max": 878.749,
      "p(90)": 16.079,
      "p(95)": 19.913,
      "avg": 14.884093536406542,
      "min": 5.264,
      "med": 11.01,
      "thresholds": {
        "p(95)<500": false,
        "p(99)<900": false
      }
    },
    "vus_max": {
      "value": 35,
      "min": 35,
      "max": 35
    },
    "http_req_connecting": {
      "med": 0,
      "max": 5.908,
      "p(90)": 0,
      "p(95)": 0,
      "avg": 0.00033960783011663593,
      "min": 0
    },
    "http_req_sending": {
      "avg": 0.02599945927229178,
      "min": 0.003,
      "med": 0.02,
      "max": 13.878,
      "p(90)": 0.051,
      "p(95)": 0.061
    },
    "http_req_duration{expected_response:true}": {
      "p(90)": 16.079,
      "p(95)": 19.913,
      "avg": 14.884093536406542,
      "min": 5.264,
      "med": 11.01,
      "max": 878.749
    },
    "http_req_blocked": {
      "avg": 0.006083886314405827,
      "min": 0,
      "med": 0,
      "max": 119.321,
      "p(90)": 0.001,
      "p(95)": 0.001
    },
    "data_sent": {
      "count": 16581504,
      "rate": 92000.35329813849
    },
    "http_req_failed": {
      "passes": 0,
      "fails": 421654,
      "thresholds": {
        "rate<0.02": false
      },
      "value": 0
    },
    "http_req_waiting": {
      "med": 10.817,
      "max": 689.809,
      "p(90)": 15.348,
      "p(95)": 18.218,
      "avg": 11.847461081834822,
      "min": 0
    }
  }
}
